path,source_bytes,skeleton_bytes
addons/gut/GutScene.gd,3570,782
addons/gut/UserFileViewer.gd,1090,499
addons/gut/autofree.gd,2742,362
addons/gut/awaiter.gd,5670,1612
addons/gut/cli/change_project_warnings.gd,8325,799
addons/gut/cli/gut_cli.gd,14223,936
addons/gut/cli/optparse.gd,23806,2427
addons/gut/collected_script.gd,5399,1026
addons/gut/collected_test.gd,3105,779
addons/gut/comparator.gd,3315,712
addons/gut/compare_result.gd,1170,713
addons/gut/diff_formatter.gd,1534,392
addons/gut/diff_tool.gd,3562,954
addons/gut/double_tools.gd,2415,801
addons/gut/doubler.gd,11565,2768
addons/gut/dynamic_gdscript.gd,1154,303
addons/gut/editor_caret_context_notifier.gd,7720,1189
addons/gut/error_tracker.gd,5854,1343
addons/gut/get_editor_interface.gd,307,23
addons/gut/godot_singletons.gd,961,100
addons/gut/gui/GutBottomPanel.gd,15670,2902
addons/gut/gui/GutControl.gd,8935,1752
addons/gut/gui/GutRunner.gd,7705,1190
addons/gut/gui/OutputText.gd,9120,2821
addons/gut/gui/ResizeHandle.gd,2934,734
addons/gut/gui/ResultsTree.gd,9106,1460
addons/gut/gui/RunAtCursor.gd,4445,962
addons/gut/gui/RunExternally.gd,4982,1257
addons/gut/gui/RunResults.gd,6068,1276
addons/gut/gui/ShellOutOptions.gd,10577,1953
addons/gut/gui/ShortcutButton.gd,3310,1053
addons/gut/gui/ShortcutDialog.gd,3878,1221
addons/gut/gui/about.gd,3535,1109
addons/gut/gui/check_for_update.gd,3933,1113
addons/gut/gui/editor_globals.gd,2488,755
addons/gut/gui/gut_config_gui.gd,10796,632
addons/gut/gui/gut_dock.gd,675,240
addons/gut/gui/gut_gui.gd,5954,1238
addons/gut/gui/gut_logo.gd,6105,1980
addons/gut/gui/gut_user_preferences.gd,2327,885
addons/gut/gui/option_maker.gd,3038,1002
addons/gut/gui/panel_controls.gd,12358,3531
addons/gut/gui/run_from_editor.gd,672,183
addons/gut/gui/update_required.gd,515,326
addons/gut/gut.gd,44501,5813
addons/gut/gut_cmdln.gd,2594,215
addons/gut/gut_config.gd,7368,750
addons/gut/gut_constants.gd,4407,326
addons/gut/gut_fonts.gd,2950,495
addons/gut/gut_loader.gd,3622,230
addons/gut/gut_menu.gd,2884,639
addons/gut/gut_plugin.gd,4771,1094
addons/gut/gut_to_move.gd,3512,275
addons/gut/gut_tracked_error.gd,3372,551
addons/gut/gut_vscode_debugger.gd,2059,80
addons/gut/hook_script.gd,2137,390
addons/gut/inner_class_registry.gd,1807,441
addons/gut/input_factory.gd,5995,1158
addons/gut/input_sender.gd,20388,3681
addons/gut/junit_xml_export.gd,3724,582
addons/gut/lazy_loader.gd,1014,372
addons/gut/logger.gd,9980,2195
addons/gut/method_maker.gd,4883,936
addons/gut/one_to_many.gd,1284,200
addons/gut/orphan_counter.gd,6778,1232
addons/gut/parameter_factory.gd,3597,53
addons/gut/parameter_handler.gd,685,337
addons/gut/printers.gd,4961,1341
addons/gut/result_exporter.gd,3286,344
addons/gut/script_parser.gd,8168,1501
addons/gut/signal_watcher.gd,7678,909
addons/gut/singleton_parser.gd,2594,508
addons/gut/spy.gd,2782,605
addons/gut/strutils.gd,6248,375
addons/gut/stub_params.gd,6354,1441
addons/gut/stubber.gd,6306,785
addons/gut/stubs.gd,2658,287
addons/gut/summary.gd,6329,538
addons/gut/test.gd,104355,9759
addons/gut/test_collector.gd,6766,1175
addons/gut/thing_counter.gd,875,282
addons/gut/update_detector.gd,11149,1859
addons/gut/utils.gd,23960,6974
addons/gut/version_conversion.gd,3553,556
addons/gut/version_numbers.gd,3563,626
addons/gut/warnings_manager.gd,5217,1722
content/content_repository.gd,10611,1735
content/content_validation_result.gd,883,319
content/content_validators.gd,5519,1537
content/model_credit.gd,1482,387
content/person.gd,2905,608
content/source_credit.gd,1049,247
content/zone.gd,1785,369
dialogue/dialogue_bust.gd,16386,1044
dialogue/dialogue_content.gd,5819,399
dialogue/dialogue_panel.gd,70625,4113
dialogue/dialogue_session.gd,20008,2020
dialogue/dialogue_state.gd,25777,1082
domain/clock.gd,404,82
domain/decision.gd,735,325
domain/domain_error_code.gd,697,673
domain/domain_error_messages.gd,1214,91
domain/fixed_clock.gd,625,200
domain/mission_definition.gd,3344,1161
domain/mission_definition_loader.gd,4049,232
domain/mission_phase.gd,661,254
domain/mission_result.gd,1311,561
domain/mission_rules.gd,11038,924
domain/mission_state.gd,863,372
domain/system_clock.gd,1560,83
domain/timestamp_validator.gd,3053,242
game-studio/evidence/W6/W6-09-r1/probe_mouse_long_hold.gd,3290,91
game-studio/evidence/W6/W6-09-r1-fix/probe_mouse_long_hold.gd,3290,91
persistence/notebook_rules.gd,9245,887
persistence/preferences.gd,5019,854
persistence/save_local.gd,11428,1270
persistence/save_system.gd,7290,685
persistence/web_local_storage.gd,5034,446
prototypes/text_input_spike/main.gd,5795,677
src/entities/player/camera_rig.gd,38889,3510
src/entities/player/player.gd,30420,1658
src/main.gd,1146,170
src/systems/debug_bridge.gd,11823,424
src/systems/focus_manager.gd,22704,1785
src/systems/input_bridge.gd,4970,538
src/systems/ui_scale.gd,8947,634
src/systems/world_input_controller.gd,51255,3017
src/ui/camera_hud.gd,2401,266
src/ui/rotate_icon.gd,2745,242
src/ui/test_panel.gd,899,407
src/ui/virtual_joystick.gd,3276,947
src/world/terrain.gd,3713,520
tests/smoke/test_main_scene_boots.gd,2158,468
tests/smoke/test_rosa_dialogue_flow.gd,6966,943
tests/unit/keyboard_sweep_probe.gd,6944,638
tests/unit/test_avatar_kits.gd,10307,868
tests/unit/test_avatar_mesh_factory.gd,3235,457
tests/unit/test_bust_matches_world.gd,2056,336
tests/unit/test_camera_authorial.gd,16559,817
tests/unit/test_camera_hud_icons.gd,2926,557
tests/unit/test_camera_initial_framing.gd,4492,458
tests/unit/test_camera_initial_zoom.gd,5446,548
tests/unit/test_camera_no_clip.gd,5676,475
tests/unit/test_camera_orbit.gd,6763,688
tests/unit/test_camera_pitch.gd,6509,728
tests/unit/test_camera_scale_ratio.gd,9736,836
tests/unit/test_camera_zoom.gd,5787,572
tests/unit/test_camera_zoom_continuity.gd,7397,551
tests/unit/test_character_animation.gd,3288,567
tests/unit/test_character_colour_identity.gd,7524,505
tests/unit/test_character_facing.gd,9059,780
tests/unit/test_character_identity.gd,3621,785
tests/unit/test_character_kit_proportions.gd,8235,745
tests/unit/test_character_performance_budget.gd,2809,396
tests/unit/test_character_walk_loop.gd,6359,464
tests/unit/test_class_name_unique.gd,3241,311
tests/unit/test_content_repository.gd,8944,1482
tests/unit/test_dialogue_accessibility.gd,9051,1051
tests/unit/test_dialogue_bust_layout.gd,10020,923
tests/unit/test_dialogue_bust_talking.gd,4050,696
tests/unit/test_dialogue_layout_adaptive.gd,16479,1864
tests/unit/test_dialogue_layout_w5_06.gd,26830,2370
tests/unit/test_dialogue_long_text_scroll.gd,12462,1297
tests/unit/test_dialogue_player_bust.gd,9822,1086
tests/unit/test_dialogue_reveal_suspend.gd,7744,862
tests/unit/test_dialogue_session.gd,16323,2089
tests/unit/test_dialogue_state.gd,41606,3977
tests/unit/test_dialogue_ui.gd,16176,1281
tests/unit/test_dique_traversal.gd,8505,415
tests/unit/test_dique_traversal_continuous_input.gd,5814,507
tests/unit/test_focus_manager.gd,31453,2825
tests/unit/test_help_screen.gd,2697,407
tests/unit/test_input_bridge.gd,1008,269
tests/unit/test_keyboard_axes.gd,4416,572
tests/unit/test_keyboard_sweep.gd,28676,1539
tests/unit/test_kit_silhouette_render.gd,26740,1825
tests/unit/test_lifecycle_focus.gd,18053,1900
tests/unit/test_mission_definition_loader.gd,6412,1171
tests/unit/test_mission_rules.gd,12471,1348
tests/unit/test_modal_screen.gd,13236,1656
tests/unit/test_notebook_hud_button.gd,6626,1091
tests/unit/test_notebook_hud_integration.gd,11924,1006
tests/unit/test_notebook_proposal_revision_integration.gd,13235,1144
tests/unit/test_notebook_rules.gd,17254,1572
tests/unit/test_notebook_screen.gd,25868,2735
tests/unit/test_npc_indicators.gd,12027,1507
tests/unit/test_npc_interaction.gd,28142,2214
tests/unit/test_npc_interaction_radius.gd,7203,1083
tests/unit/test_npc_near_tap.gd,23551,1511
tests/unit/test_npc_placement.gd,8190,781
tests/unit/test_npc_reachability.gd,7756,864
tests/unit/test_onboarding_screen.gd,3197,713
tests/unit/test_panel_host.gd,8061,1359
tests/unit/test_people_screen.gd,7346,1281
tests/unit/test_player_avatar.gd,13028,1247
tests/unit/test_player_closed_loop.gd,6932,447
tests/unit/test_player_faces_movement_continuous_input.gd,6497,323
tests/unit/test_player_movement.gd,4659,704
tests/unit/test_preferences.gd,4154,648
tests/unit/test_proposal_revision_screen.gd,31509,3598
tests/unit/test_render_look_system.gd,17327,1957
tests/unit/test_save_local.gd,16161,1557
tests/unit/test_save_status_label.gd,4167,1019
tests/unit/test_save_system.gd,8279,1546
tests/unit/test_screens_hud.gd,12782,1853
tests/unit/test_screens_hud_integration.gd,8276,779
tests/unit/test_settings_screen.gd,4779,1006
tests/unit/test_sources_screen.gd,2411,419
tests/unit/test_tap_to_move.gd,6750,615
tests/unit/test_ui_scale_policy.gd,8638,1123
tests/unit/test_vertex_relight.gd,4134,641
tests/unit/test_virtual_joystick.gd,1295,424
tests/unit/test_walk_speed_calibration.gd,3640,293
tests/unit/test_walkability.gd,3733,340
tests/unit/test_web_local_storage.gd,8825,1291
tests/unit/test_zone_transition.gd,11543,1035
tools/art/bake_persona_colormaps.gd,13065,1084
ui/components/accessibility.gd,10343,744
ui/components/modal_screen.gd,13908,1697
ui/hud/edge_arrow_icon.gd,1431,154
ui/hud/npc_indicators.gd,15938,1507
ui/hud/save_status_label.gd,3483,376
ui/hud/screens_hud.gd,9236,1698
ui/notebook/notebook_hud_button.gd,18662,1511
ui/notebook/notebook_screen.gd,28359,4314
ui/panel_host.gd,10211,1024
ui/screens/help/help_screen.gd,3419,1248
ui/screens/onboarding/onboarding_screen.gd,5171,1256
ui/screens/people/people_screen.gd,7042,1488
ui/screens/proposal/proposal_screen.gd,18549,4523
ui/screens/proposal/w6_10_web_harness.gd,6525,630
ui/screens/revision/revision_screen.gd,1575,65
ui/screens/settings/settings_screen.gd,6594,2165
ui/screens/sources/sources_screen.gd,4029,1100
world/avatar.gd,20420,2804
world/avatar_mesh_factory.gd,3463,317
world/character/base_colormap_atlas.gd,9280,1670
world/character/character_rig.gd,19593,2584
world/character/kit_meshes.gd,20237,1676
world/character/persona_catalog.gd,2607,649
world/character/walk_stride_measurement.gd,7383,502
world/contact_shadow.gd,4706,504
world/destination_marker.gd,1730,413
world/look/render_look.gd,12557,2037
world/look/render_look_system.gd,12522,1267
world/look/vertex_relight.gd,5993,129
world/npc.gd,20237,1282
world/pathfinding.gd,10252,1428
world/zone.gd,11497,835
world/zone_data.gd,6003,1145
world/zone_transfer_button.gd,11271,1114
world/zone_transition.gd,2697,180
